Mechanism,Number of Deaths,Crude Rate,Age-Adjusted Rate,Age group
Cut/Pierce,"1,891",0.21,0.25,26-35
Drowning (includes water transport),"1,372",0.16,0.17,26-35
Fall,"3,533",0.40,0.39,26-35
Fire/Flame,536,0.06,0.07,26-35
Hot object/Substance,--,--,--,26-35
Firearm,"59,024",6.69,6.56,26-35
"Transport, other land",614,0.07,0.07,26-35
Struck by / against,--,--,--,26-35
Suffocation,"45,501",5.16,5.15,26-35
Other specified and classifiable,"2,153",0.24,0.24,26-35
Other specified / NEC,604,0.07,0.07,26-35
Unspecified,414,0.05,0.06,26-35
Drug Poisoning,"12,884",1.46,1.70,26-35
Non-Drug Poisoning,"4,238",0.48,0.54,26-35
