Mechanism,Number of Deaths,Crude Rate,Age-Adjusted Rate,Age group
Cut/Pierce,"3,951",0.44,0.47,46-55
Drowning (includes water transport),"1,729",0.19,0.20,46-55
Fall,"3,445",0.39,0.38,46-55
Fire/Flame,905,0.10,0.10,46-55
Hot object/Substance,--,--,--,46-55
Firearm,"78,301",8.80,9.14,46-55
"Transport, other land",573,0.06,0.06,46-55
Struck by / against,--,--,--,46-55
Suffocation,"37,385",4.20,3.91,46-55
Other specified and classifiable,"1,838",0.21,0.20,46-55
Other specified / NEC,790,0.09,0.09,46-55
Unspecified,602,0.07,0.07,46-55
Drug Poisoning,"28,017",3.15,3.18,46-55
Non-Drug Poisoning,"7,768",0.87,0.85,46-55
