Mechanism,Number of Deaths,Crude Rate,Age-Adjusted Rate,Age group
Cut/Pierce,870,0.10,0.16,16-25
Drowning (includes water transport),"1,115",0.12,0.15,16-25
Fall,"3,300",0.37,0.43,16-25
Fire/Flame,366,0.04,0.05,16-25
Firearm,"54,369",6.02,7.19,16-25
"Transport, other land",735,0.08,0.07,16-25
Struck by / against,--,--,--,16-25
Suffocation,"39,553",4.38,4.89,16-25
Other specified and classifiable,"2,142",0.24,0.27,16-25
Other specified / NEC,564,0.06,0.08,16-25
Unspecified,281,0.03,0.04,16-25
Drug Poisoning,"6,834",0.76,0.96,16-25
Non-Drug Poisoning,"2,405",0.27,0.36,16-25
