Mechanism,Number of Deaths,Crude Rate,Age-Adjusted Rate,Age group
Cut/Pierce,"2,841",0.32,0.37,36-45
Drowning (includes water transport),"1,579",0.18,0.19,36-45
Fall,"3,284",0.37,0.37,36-45
Fire/Flame,720,0.08,0.08,36-45
Hot object/Substance,--,--,--,36-45
Firearm,"64,530",7.27,7.68,36-45
"Transport, other land",562,0.06,0.06,36-45
Struck by / against,--,--,--,36-45
Suffocation,"42,241",4.76,4.56,36-45
Other specified and classifiable,"1,941",0.22,0.22,36-45
Other specified / NEC,734,0.08,0.09,36-45
Unspecified,525,0.06,0.07,36-45
Drug Poisoning,"21,562",2.43,2.75,36-45
Non-Drug Poisoning,"6,562",0.74,0.81,36-45
