Mechanism,Number of Deaths,Crude Rate,Age-Adjusted Rate,Age group
Cut/Pierce,870,0.10,0.16,16-25
Drowning (includes water transport),"1,115",0.12,0.15,16-25
Fall,"3,300",0.37,0.43,16-25
Fire/Flame,366,0.04,0.05,16-25
Firearm,"54,369",6.02,7.19,16-25
"Transport, other land",735,0.08,0.07,16-25
Struck by / against,--,--,--,16-25
Suffocation,"39,553",4.38,4.89,16-25
Other specified and classifiable,"2,142",0.24,0.27,16-25
Other specified / NEC,564,0.06,0.08,16-25
Unspecified,281,0.03,0.04,16-25
Drug Poisoning,"6,834",0.76,0.96,16-25
Non-Drug Poisoning,"2,405",0.27,0.36,16-25
Cut/Pierce,"1,891",0.21,0.25,26-35
Drowning (includes water transport),"1,372",0.16,0.17,26-35
Fall,"3,533",0.40,0.39,26-35
Fire/Flame,536,0.06,0.07,26-35
Hot object/Substance,--,--,--,26-35
Firearm,"59,024",6.69,6.56,26-35
"Transport, other land",614,0.07,0.07,26-35
Struck by / against,--,--,--,26-35
Suffocation,"45,501",5.16,5.15,26-35
Other specified and classifiable,"2,153",0.24,0.24,26-35
Other specified / NEC,604,0.07,0.07,26-35
Unspecified,414,0.05,0.06,26-35
Drug Poisoning,"12,884",1.46,1.70,26-35
Non-Drug Poisoning,"4,238",0.48,0.54,26-35
Cut/Pierce,"2,841",0.32,0.37,36-45
Drowning (includes water transport),"1,579",0.18,0.19,36-45
Fall,"3,284",0.37,0.37,36-45
Fire/Flame,720,0.08,0.08,36-45
Hot object/Substance,--,--,--,36-45
Firearm,"64,530",7.27,7.68,36-45
"Transport, other land",562,0.06,0.06,36-45
Struck by / against,--,--,--,36-45
Suffocation,"42,241",4.76,4.56,36-45
Other specified and classifiable,"1,941",0.22,0.22,36-45
Other specified / NEC,734,0.08,0.09,36-45
Unspecified,525,0.06,0.07,36-45
Drug Poisoning,"21,562",2.43,2.75,36-45
Non-Drug Poisoning,"6,562",0.74,0.81,36-45
Cut/Pierce,"3,951",0.44,0.47,46-55
Drowning (includes water transport),"1,729",0.19,0.20,46-55
Fall,"3,445",0.39,0.38,46-55
Fire/Flame,905,0.10,0.10,46-55
Hot object/Substance,--,--,--,46-55
Firearm,"78,301",8.80,9.14,46-55
"Transport, other land",573,0.06,0.06,46-55
Struck by / against,--,--,--,46-55
Suffocation,"37,385",4.20,3.91,46-55
Other specified and classifiable,"1,838",0.21,0.20,46-55
Other specified / NEC,790,0.09,0.09,46-55
Unspecified,602,0.07,0.07,46-55
Drug Poisoning,"28,017",3.15,3.18,46-55
Non-Drug Poisoning,"7,768",0.87,0.85,46-55
Cut/Pierce,"3,047",0.41,0.37,56-65
Drowning (includes water transport),"1,431",0.19,0.19,56-65
Fall,"2,515",0.34,0.30,56-65
Fire/Flame,655,0.09,0.08,56-65
Firearm,"67,787",9.19,8.89,56-65
"Transport, other land",323,0.04,0.04,56-65
Struck by / against,--,--,--,56-65
Suffocation,"21,125",2.86,2.28,56-65
Other specified and classifiable,"1,056",0.14,0.12,56-65
Other specified / NEC,558,0.08,0.07,56-65
Unspecified,430,0.06,0.05,56-65
Drug Poisoning,"18,261",2.48,2.05,56-65
Non-Drug Poisoning,"4,974",0.67,0.53,56-65
