Race,Year,Number of Deaths,Age-Adjusted Rate,Age Group 
White,2018,"4,228",20.25,16-25
White,2019,"3,954",20.29,16-25
White,2020,"3,924",21.39,16-25
White,2021,"4,051",20.95,16-25
White,2018,982,13.68,16-25
White,2019,"1,049",13.57,16-25
White,2020,"1,063",13.99,16-25
White,2021,"1,122",15.74,16-25
White,2018,13,0,16-25
White,2019,--,--,16-25
White,2020,--,--,16-25
White,2021,11,0,16-25
Black,2018,738,15.18,16-25
Black,2019,767,15.62,16-25
Black,2020,879,18.47,16-25
Black,2021,"1,038",21.68,16-25
Black,2018,39,10.11,16-25
Black,2019,25,3.61,16-25
Black,2020,30,5.65,16-25
Black,2021,40,10.26,16-25
Black,2018,--,--,16-25
Black,2019,--,--,16-25
Black,2020,--,--,16-25
Black,2021,--,--,16-25
American Indian / Alaska Native,2018,152,41.27,16-25
American Indian / Alaska Native,2019,146,35.43,16-25
American Indian / Alaska Native,2020,166,49.94,16-25
American Indian / Alaska Native,2021,189,58.09,16-25
American Indian / Alaska Native,2018,12,4.21,16-25
American Indian / Alaska Native,2019,11,4.89,16-25
American Indian / Alaska Native,2020,14,6.02,16-25
American Indian / Alaska Native,2021,12,8.14,16-25
American Indian / Alaska Native,2018,--,--,16-25
American Indian / Alaska Native,2021,--,--,16-25
Asian,2018,278,11.1,16-25
Asian,2019,287,13.76,16-25
Asian,2020,267,13.18,16-25
Asian,2021,322,14.03,16-25
Asian,2018,--,--,16-25
Asian,2019,--,--,16-25
Asian,2020,12,14.33,16-25
Asian,2021,16,30.72,16-25
Asian,2018,--,--,16-25
Asian,2021,--,--,16-25
HI Native / Pacific Islander,2018,19,34.44,16-25
HI Native / Pacific Islander,2019,22,31.94,16-25
HI Native / Pacific Islander,2020,23,33.76,16-25
HI Native / Pacific Islander,2021,21,33.29,16-25
HI Native / Pacific Islander,2018,--,--,16-25
HI Native / Pacific Islander,2019,--,--,16-25
HI Native / Pacific Islander,2020,--,--,16-25
HI Native / Pacific Islander,2021,--,--,16-25
White,2018,"5,653",24.11,26-35
White,2019,"5,516",22.83,26-35
White,2020,"5,593",22.78,26-35
White,2021,"5,754",23.29,26-35
White,2018,949,10.4,26-35
White,2019,995,10.18,26-35
White,2020,"1,156",11.92,26-35
White,2021,"1,275",14.45,26-35
White,2018,10,0,26-35
White,2019,13,0,26-35
White,2020,14,0,26-35
White,2021,15,0,26-35
Black,2018,801,13.17,26-35
Black,2019,822,12.68,26-35
Black,2020,906,11.95,26-35
Black,2021,"1,027",13.14,26-35
Black,2018,29,5.86,26-35
Black,2019,19,2.61,26-35
Black,2020,21,5.75,26-35
Black,2021,32,5.64,26-35
Black,2018,--,--,26-35
Black,2019,--,--,26-35
Black,2020,--,--,26-35
Black,2021,--,--,26-35
American Indian / Alaska Native,2018,169,38.21,26-35
American Indian / Alaska Native,2019,166,33.96,26-35
American Indian / Alaska Native,2020,187,49.61,26-35
American Indian / Alaska Native,2021,215,50.71,26-35
American Indian / Alaska Native,2018,14,3.03,26-35
American Indian / Alaska Native,2019,11,2.68,26-35
American Indian / Alaska Native,2020,13,4.21,26-35
American Indian / Alaska Native,2021,12,5.06,26-35
American Indian / Alaska Native,2021,--,--,26-35
Asian,2018,247,7.1,26-35
Asian,2019,273,8.82,26-35
Asian,2020,254,7.88,26-35
Asian,2021,284,7.58,26-35
Asian,2018,--,--,26-35
Asian,2019,--,--,26-35
Asian,2020,11,10.51,26-35
Asian,2021,--,--,26-35
Asian,2018,--,--,26-35
Asian,2021,--,--,26-35
HI Native / Pacific Islander,2018,21,13.51,26-35
HI Native / Pacific Islander,2019,30,24.15,26-35
HI Native / Pacific Islander,2020,24,20.68,26-35
HI Native / Pacific Islander,2021,27,23.03,26-35
HI Native / Pacific Islander,2018,--,--,26-35
HI Native / Pacific Islander,2019,--,--,26-35
HI Native / Pacific Islander,2020,--,--,26-35
HI Native / Pacific Islander,2021,--,--,26-35
White,2018,"5,732",24.82,36-45
White,2019,"5,795",25.56,36-45
White,2020,"5,466",22.79,36-45
White,2021,"5,727",23.52,36-45
White,2018,746,9.87,36-45
White,2019,750,10.04,36-45
White,2020,746,9.25,36-45
White,2021,836,10.68,36-45
White,2018,13,0,36-45
White,2019,15,0,36-45
White,2020,--,--,36-45
White,2021,15,0,36-45
Black,2018,496,8.75,36-45
Black,2019,542,9.88,36-45
Black,2020,538,9.04,36-45
Black,2021,649,11.68,36-45
Black,2018,--,--,36-45
Black,2019,--,--,36-45
Black,2020,16,3.64,36-45
Black,2021,12,2.74,36-45
Black,2018,--,--,36-45
Black,2020,--,--,36-45
Black,2021,--,--,36-45
American Indian / Alaska Native,2018,82,24.11,36-45
American Indian / Alaska Native,2019,92,21.81,36-45
American Indian / Alaska Native,2020,91,32.23,36-45
American Indian / Alaska Native,2021,136,34.79,36-45
American Indian / Alaska Native,2018,--,--,36-45
American Indian / Alaska Native,2019,--,--,36-45
American Indian / Alaska Native,2020,--,--,36-45
American Indian / Alaska Native,2021,--,--,36-45
Asian,2018,202,7.47,36-45
Asian,2019,194,6.73,36-45
Asian,2020,193,6.78,36-45
Asian,2021,215,7.66,36-45
Asian,2018,--,--,36-45
Asian,2019,--,--,36-45
Asian,2020,--,--,36-45
Asian,2021,--,--,36-45
Asian,2020,--,--,36-45
Asian,2021,--,--,36-45
HI Native / Pacific Islander,2018,17,14.37,36-45
HI Native / Pacific Islander,2019,19,22.96,36-45
HI Native / Pacific Islander,2020,11,13.26,36-45
HI Native / Pacific Islander,2021,17,20.1,36-45
White,2018,"7,288",27.95,46-55
White,2019,"6,738",25.75,46-55
White,2020,"6,051",23.21,46-55
White,2021,"6,082",23.88,46-55
White,2018,558,10.28,46-55
White,2019,571,8.93,46-55
White,2020,543,8.57,46-55
White,2021,565,7.52,46-55
White,2018,27,0,46-55
White,2019,26,0,46-55
White,2020,20,0,46-55
White,2021,14,0,46-55
Black,2018,386,7,46-55
Black,2019,435,8.79,46-55
Black,2020,358,5.8,46-55
Black,2021,406,7.14,46-55
Black,2018,10,3.36,46-55
Black,2019,10,5.65,46-55
Black,2020,12,2.3,46-55
Black,2021,--,--,46-55
Black,2018,--,--,46-55
Black,2019,--,--,46-55
Black,2020,--,--,46-55
Black,2021,--,--,46-55
American Indian / Alaska Native,2018,51,14.45,46-55
American Indian / Alaska Native,2019,64,17.41,46-55
American Indian / Alaska Native,2020,58,16.58,46-55
American Indian / Alaska Native,2021,47,19.22,46-55
American Indian / Alaska Native,2018,--,--,46-55
American Indian / Alaska Native,2019,--,--,46-55
American Indian / Alaska Native,2020,--,--,46-55
American Indian / Alaska Native,2021,--,--,46-55
American Indian / Alaska Native,2019,--,--,46-55
Asian,2018,203,7.76,46-55
Asian,2019,204,8.04,46-55
Asian,2020,193,7.29,46-55
Asian,2021,190,5.94,46-55
Asian,2018,0,0,46-55
Asian,2019,--,--,46-55
Asian,2020,--,--,46-55
Asian,2021,--,--,46-55
Asian,2018,--,--,46-55
Asian,2019,--,--,46-55
HI Native / Pacific Islander,2018,--,--,46-55
HI Native / Pacific Islander,2019,12,21.99,46-55
HI Native / Pacific Islander,2020,11,10.89,46-55
HI Native / Pacific Islander,2021,--,--,46-55
HI Native / Pacific Islander,2018,0,0,46-55
HI Native / Pacific Islander,2019,0,0,46-55
White,2018,"7,190",21.71,56-65
White,2019,"7,046",21.26,56-65
White,2020,"6,084",18.66,56-65
White,2021,"6,251",19.1,56-65
White,2018,397,10.25,56-65
White,2019,375,7.96,56-65
White,2020,321,6.67,56-65
White,2021,372,8.5,56-65
White,2018,32,0,56-65
White,2019,34,0,56-65
White,2020,25,0,56-65
White,2021,19,0,56-65
Black,2018,299,5.58,56-65
Black,2019,263,5.57,56-65
Black,2020,280,5.4,56-65
Black,2021,248,3.93,56-65
Black,2018,--,--,56-65
Black,2019,--,--,56-65
Black,2020,--,--,56-65
Black,2021,--,--,56-65
Black,2018,--,--,56-65
Black,2019,--,--,56-65
Black,2020,--,--,56-65
Black,2021,--,--,56-65
American Indian / Alaska Native,2018,40,11.67,56-65
American Indian / Alaska Native,2019,29,6.41,56-65
American Indian / Alaska Native,2020,34,4.75,56-65
American Indian / Alaska Native,2021,44,10,56-65
American Indian / Alaska Native,2018,--,--,56-65
American Indian / Alaska Native,2019,--,--,56-65
American Indian / Alaska Native,2020,--,--,56-65
American Indian / Alaska Native,2021,--,--,56-65
American Indian / Alaska Native,2020,--,--,56-65
Asian,2018,168,7.4,56-65
Asian,2019,179,8.78,56-65
Asian,2020,164,7.8,56-65
Asian,2021,138,6.22,56-65
Asian,2018,0,0,56-65
Asian,2019,--,--,56-65
Asian,2020,--,--,56-65
Asian,2021,0,0,56-65
Asian,2018,--,--,56-65
Asian,2019,--,--,56-65
Asian,2020,--,--,56-65
Asian,2021,--,--,56-65
HI Native / Pacific Islander,2018,--,--,56-65
HI Native / Pacific Islander,2019,--,--,56-65
HI Native / Pacific Islander,2020,--,--,56-65
HI Native / Pacific Islander,2021,--,--,56-65
HI Native / Pacific Islander,2018,0,0,56-65
HI Native / Pacific Islander,2019,0,0,56-65
