﻿Mechanism,Number of Deaths,Age group,Prop,
Poisoning ,"9,239",16-25,8%,
Suffocation,"39,553",16-25,35%,
Firearm,"54,369",16-25,48%,
Other,"9,373",16-25,8%,
Poisoning ,"17,122",26-35,13%,
Suffocation,"45,501",26-35,34%,
Firearm,"59,024",26-35,44%,
Other,"11,117",26-35,8%,
Poisoning ,"28,124",36-45,19%,
Suffocation,"42,241",36-45,29%,
Firearm,"64,530",36-45,44%,
Other,12186,36-45,8%,
Poisoning ,"35,785",46-55,22%,
Suffocation,"37,385",46-55,23%,
Firearm,"78,301",46-55,47%,
Other,13833,46-55,8%,
Poisoning ,"23,235",56-65,19%,
Suffocation,"21,125",56-65,17%,
Firearm,"67,787",56-65,55%,
Other,10015,56-65,8%,
Poisoning ,"113,505",Total,17%,
Suffocation,"185,805",Total,27%,
Firearm,"324,011",Total,48%,
Other,"56,524",Total,8%,
