Mechanism,Number of Deaths,Crude Rate,Age-Adjusted Rate,Age group
Cut/Pierce,"3,047",0.41,0.37,56-65
Drowning (includes water transport),"1,431",0.19,0.19,56-65
Fall,"2,515",0.34,0.30,56-65
Fire/Flame,655,0.09,0.08,56-65
Firearm,"67,787",9.19,8.89,56-65
"Transport, other land",323,0.04,0.04,56-65
Struck by / against,--,--,--,56-65
Suffocation,"21,125",2.86,2.28,56-65
Other specified and classifiable,"1,056",0.14,0.12,56-65
Other specified / NEC,558,0.08,0.07,56-65
Unspecified,430,0.06,0.05,56-65
Drug Poisoning,"18,261",2.48,2.05,56-65
Non-Drug Poisoning,"4,974",0.67,0.53,56-65
